{
	"name": "Cloud Native Stack",
	"latest": {
		"version": "15.0",
		"release_date": "10 April 2025",
		"platforms": [{
				"name": "NVIDIA Certified Server",
				"CPU architecture": "x86, Arm64",
				"os": "Ubuntu 24.04 LTS",
				"components": {
					"containerd": "2.0.3",
					"cri-o": "1.33.1",
					"k8s version": "1.33.2",
					"Calico": "v3.29.2",
					"helm version": "3.17.2",
					"NVIDIA GPU Operator": "25.3.0",
					"NVIDIA Network Operator": "25.1.0",
					"NVIDIA DataCenter Driver": "570.124.06"
				}
			}
		]
	},
	"versions": [{
		"15.0": {
			"release_date": "10 April 2025",
			"platforms": [{
					"name": "NVIDIA Certified Server",
					"CPU architecture": "x86, Arm64",
					"os": "Ubuntu 24.04 LTS",
					"components": {
						"containerd": "2.0.3",
						"cri-o": "1.32.1",
						"k8s version": "1.32.2",
						"Calico": "v3.29.2",
						"helm version": "3.17.2",
						"NVIDIA GPU Operator": "25.3.0",
						"NVIDIA Network Operator": "25.1.0",
						"NVIDIA DataCenter Driver": "570.124.06"
					}
				}
			]
		},
		"14.1": {
			"release_date": "10 April 2025",
			"platforms": [{
					"name": "NVIDIA Certified Server",
					"CPU architecture": "x86, Arm64",
					"os": "Ubuntu 22.04 LTS",
					"components": {
						"containerd": "2.0.3",
						"cri-o": "1.31.5",
						"k8s version": "1.31.6",
						"Calico": "v3.29.2",
						"helm version": "3.17.2",
						"NVIDIA GPU Operator": "25.3.0",
						"NVIDIA Network Operator": "25.1.0",
						"NVIDIA DataCenter Driver": "570.124.06"
					}
				}
			]
		},
		"14.0": {
			"release_date": "14 November 2024",
			"platforms": [{
					"name": "NVIDIA Certified Server",
					"CPU architecture": "x86, Arm64",
					"os": "Ubuntu 22.04 LTS, RedHat Linux 8.10, DGX OS 6.2",
					"components": {
						"containerd": "1.7.23",
						"cri-o": "1.31.2",
						"k8s version": "1.31.2",
						"Calico": "v3.28.2",
						"helm version": "3.16.2",
						"NVIDIA GPU Operator": "24.9.0",
						"NVIDIA Network Operator": "24.7.0",
						"NVIDIA DataCenter Driver": "550.127.05"
					}
				}
			]
		},
		"13.3": {
			"release_date": "10 April 2025",
			"platforms": [{
					"name": "NVIDIA Certified Server",
					"CPU architecture": "x86, Arm64",
					"os": "Ubuntu 22.04 LTS",
					"components": {
						"containerd": "1.7.27",
						"cri-o": "1.30.10",
						"k8s version": "1.30.10",
						"Calico": "v3.29.2",
						"helm version": "3.17.2",
						"NVIDIA GPU Operator": "25.3.0",
						"NVIDIA Network Operator": "25.1.0",
						"NVIDIA DataCenter Driver": "570.124.06"
					}
				}
			]
		},
		"13.2": {
			"release_date": "14 November 2024",
			"platforms": [{
					"name": "NVIDIA Certified Server",
					"CPU architecture": "x86, Arm64",
					"os": "Ubuntu 22.04 LTS, RedHat Linux 8.10, DGX OS 6.2",
					"components": {
						"containerd": "1.7.23",
						"cri-o": "1.30.6",
						"k8s version": "1.30.6",
						"Calico": "v3.28.2",
						"helm version": "3.16.2",
						"NVIDIA GPU Operator": "24.9.0",
						"NVIDIA Network Operator": "24.7.0",
						"NVIDIA DataCenter Driver": "550.127.05"
					}
				}
			]
		},		
		"13.1": {
		"release_date": "20 August 2024",
		"platforms": [{
				"name": "NVIDIA Certified Server",
				"CPU architecture": "x86, Arm64",
				"os": "Ubuntu 22.04 LTS, RedHat Linux 8.8, DGX OS 6.2",
				"components": {
					"containerd": "1.7.20",
					"cri-o": "1.30.2",
					"k8s version": "1.30.2",
					"Calico": "v3.27.4",
					"helm version": "3.15.3",
					"NVIDIA GPU Operator": "24.6.1",
					"NVIDIA Network Operator": "24.4.1",
					"NVIDIA DataCenter Driver": "550.90.07"
				}
			}
		]
		},
		"13.0": {
			"release_date": "14 May 2024",
			"platforms": [{
					"name": "NVIDIA Certified Server",
					"CPU architecture": "x86, Arm64",
					"os": "Ubuntu 22.04 LTS, RedHat Linux 8.8, DGX OS 6.1",
					"components": {
						"containerd": "1.7.16",
						"cri-o": "1.30.0",
						"k8s version": "1.30.0",
						"Calico": "v3.27.3",
						"helm version": "3.14.4",
						"NVIDIA GPU Operator": "24.3.0",
						"NVIDIA Network Operator": "24.1.1",
						"NVIDIA DataCenter Driver": "550.54.15"
					}
				},
				{
					"name": "Jetson Devices(AGX, NX, Orin)",
					"os": "JetPack 5.1, JetPack 5.0",
					"components": {
						"containerd": "1.7.16",
						"cri-o": "1.30.0",
						"k8s version": "1.30.0",
						"Flannel": "0.25.1",
						"helm version": "3.14.4"
					}
				}
			]
		},
		"12.3": {
			"release_date": "14 November 2024",
			"platforms": [{
					"name": "NVIDIA Certified Server",
					"CPU architecture": "x86, Arm64",
					"os": "Ubuntu 22.04 LTS, RedHat Linux 8.10, DGX OS 6.2",
					"components": {
						"containerd": "1.7.23",
						"cri-o": "1.29.10",
						"k8s version": "1.29.10",
						"Calico": "v3.28.2",
						"helm version": "3.16.2",
						"NVIDIA GPU Operator": "24.9.0",
						"NVIDIA Network Operator": "24.7.0",
						"NVIDIA DataCenter Driver": "550.127.05"
					}
				}
			]
		},
		"12.2": {
			"release_date": "20 August 2024",
			"platforms": [{
					"name": "NVIDIA Certified Server",
					"CPU architecture": "x86, Arm64",
					"os": "Ubuntu 22.04 LTS, RedHat Linux 8.8, DGX OS 6.2",
					"components": {
						"containerd": "1.7.20",
						"cri-o": "1.29.6",
						"k8s version": "1.29.6",
						"Calico": "v3.27.4",
						"helm version": "3.15.3",
						"NVIDIA GPU Operator": "24.6.1",
						"NVIDIA Network Operator": "24.4.1",
						"NVIDIA DataCenter Driver": "550.90.07"
					}
				}
			]
		},
		"12.1": {
			"release_date": "14 May 2024",
			"platforms": [{
					"name": "NVIDIA Certified Server",
					"CPU architecture": "x86, Arm64",
					"os": "Ubuntu 22.04 LTS, RedHat Linux 8.8, DGX OS 6.1",
					"components": {
						"containerd": "1.7.16",
						"cri-o": "1.29.4.0",
						"k8s version": "1.29.4",
						"Calico": "v3.27.3",
						"helm version": "3.14.4",
						"NVIDIA GPU Operator": "24.3.0",
						"NVIDIA Network Operator": "24.1.1",
						"NVIDIA DataCenter Driver": "550.54.15"
					}
				},
				{
					"name": "Jetson Devices(AGX, NX, Orin)",
					"os": "JetPack 5.1, JetPack 5.0",
					"components": {
						"containerd": "1.7.16",
						"cri-o": "1.29.4",
						"k8s version": "1.29.4",
						"Flannel": "0.25.1",
						"helm version": "3.14.4"
					}
				}
			]
		},
		"12.0": {
			"release_date": "25 Mar 2024",
			"platforms": [{
					"name": "NVIDIA Certified Server",
					"CPU architecture": "x86, Arm64",
					"os": "Ubuntu 22.04 LTS, RedHat Linux 8.8",
					"components": {
						"containerd": "1.7.13",
						"cri-o": "1.29.2",
						"k8s version": "1.29.2",
						"Calico": "v3.27.0",
						"helm version": "3.14.2",
						"NVIDIA GPU Operator": "23.9.2",
						"NVIDIA Network Operator": "24.1.0",
						"NVIDIA DataCenter Driver": "550.54.15"
					}
				},
				{
					"name": "Jetson Devices(AGX, NX, Orin)",
					"os": "JetPack 5.1, JetPack 5.0",
					"components": {
						"containerd": "1.7.13",
						"cri-o": "1.29.2",
						"k8s version": "1.29.2",
						"Flannel": "0.24.2",
						"helm version": "3.14.2"
					}
				}
			]
		},
		"11.3": {
			"release_date": "20 August 2024",
			"platforms": [{
					"name": "NVIDIA Certified Server",
					"CPU architecture": "x86, Arm64",
					"os": "Ubuntu 22.04 LTS, RedHat Linux 8.8, DGX OS 6.2",
					"components": {
						"containerd": "1.7.20",
						"cri-o": "1.28.8",
						"k8s version": "1.28.12",
						"Calico": "v3.27.4",
						"helm version": "3.15.3",
						"NVIDIA GPU Operator": "24.6.1",
						"NVIDIA Network Operator": "24.4.1",
						"NVIDIA DataCenter Driver": "550.90.07"
					}
				}
			]
		},
		"11.2": {
			"release_date": "14 May 2024",
			"platforms": [{
					"name": "NVIDIA Certified Server",
					"CPU architecture": "x86, Arm64",
					"os": "Ubuntu 22.04 LTS, RedHat Linux 8.8, DGX OS 6.1",
					"components": {
						"containerd": "1.7.16",
						"cri-o": "1.28.6",
						"k8s version": "1.28.8",
						"Calico": "v3.27.3",
						"helm version": "3.14.4",
						"NVIDIA GPU Operator": "24.3.0",
						"NVIDIA Network Operator": "24.1.1",
						"NVIDIA DataCenter Driver": "550.54.15"
					}
				},
				{
					"name": "Jetson Devices(AGX, NX, Orin)",
					"os": "JetPack 5.1, JetPack 5.0",
					"components": {
						"containerd": "1.7.16",
						"cri-o": "1.28.6",
						"k8s version": "1.28.8",
						"Flannel": "0.25.1",
						"helm version": "3.14.4"
					}
				}
			]
		},
		"11.1": {
			"release_date": "25 Mar 2024",
			"platforms": [{
					"name": "NVIDIA Certified Server",
					"CPU architecture": "x86, Arm64",
					"os": "Ubuntu 22.04 LTS, RedHat Linux 8.8",
					"components": {
						"containerd": "1.7.13",
						"cri-o": "1.28.2",
						"k8s version": "1.28.6",
						"Calico": "v3.27.0",
						"helm version": "3.14.2",
						"NVIDIA GPU Operator": "23.9.2",
						"NVIDIA Network Operator": "24.1.0",
						"NVIDIA DataCenter Driver": "550.54.15"
					}
				},
				{
					"name": "Jetson Devices(AGX, NX, Orin)",
					"os": "JetPack 5.1, JetPack 5.0",
					"components": {
						"containerd": "1.7.13",
						"cri-o": "1.28.2",
						"k8s version": "1.28.6",
						"Flannel": "0.24.2",
						"helm version": "3.14.2"
					}
				}
			]
		},
		"11.0": {
			"release_date": "09 Nov 2023",
			"platforms": [{
					"name": "NVIDIA Certified Server",
					"CPU architecture": "x86, Arm64",
					"os": "Ubuntu 22.04 LTS, RedHat Linux 8.7",
					"components": {
						"containerd": "1.7.3",
						"cri-o": "1.27.1",
						"k8s version": "1.27.4",
						"Calico": "v3.26.1",
						"helm version": "3.12.2",
						"NVIDIA GPU Operator": "23.6.0",
						"NVIDIA Network Operator": "23.5.0",
						"NVIDIA DataCenter Driver": "535.86.10"
					}
				},
				{
					"name": "Jetson Devices(AGX, NX, Orin)",
					"os": "JetPack 5.1, JetPack 5.0",
					"components": {
						"containerd": "1.7.3",
						"cri-o": "1.27.1",
						"k8s version": "1.27.4",
						"Flannel": "0.22.0",
						"helm version": "3.12.2"
					}
				}
			]
		},
		"10.5": {
			"release_date": "14 May 2024",
			"platforms": [{
					"name": "NVIDIA Certified Server",
					"CPU architecture": "x86, Arm64",
					"os": "Ubuntu 22.04 LTS, RedHat Linux 8.8, DGX OS 6.1",
					"components": {
						"containerd": "1.7.16",
						"cri-o": "1.27.6",
						"k8s version": "1.27.12",
						"Calico": "v3.27.3",
						"helm version": "3.14.4",
						"NVIDIA GPU Operator": "24.3.0",
						"NVIDIA Network Operator": "24.1.1",
						"NVIDIA DataCenter Driver": "550.54.15"
					}
				},
				{
					"name": "Jetson Devices(AGX, NX, Orin)",
					"os": "JetPack 5.1, JetPack 5.0",
					"components": {
						"containerd": "1.7.16",
						"cri-o": "1.27.6",
						"k8s version": "1.27.12",
						"Flannel": "0.25.1",
						"helm version": "3.14.4"
					}
				}
			]
		},
		"10.4": {
			"release_date": "25 Mar 2024",
			"platforms": [{
					"name": "NVIDIA Certified Server",
					"CPU architecture": "x86, Arm64",
					"os": "Ubuntu 22.04 LTS, RedHat Linux 8.8",
					"components": {
						"containerd": "1.7.13",
						"cri-o": "1.27.4",
						"k8s version": "1.27.10",
						"Calico": "v3.27.0",
						"helm version": "3.14.2",
						"NVIDIA GPU Operator": "23.9.2",
						"NVIDIA Network Operator": "24.1.0",
						"NVIDIA DataCenter Driver": "550.54.15"
					}
				},
				{
					"name": "Jetson Devices(AGX, NX, Orin)",
					"os": "JetPack 5.1, JetPack 5.0",
					"components": {
						"containerd": "1.7.13",
						"cri-o": "1.27.4",
						"k8s version": "1.27.10",
						"Flannel": "0.24.2",
						"helm version": "3.14.2"
					}
				}
			]
		},
		"10.3": {
			"release_date": "09 Nov 2023",
			"platforms": [{
					"name": "NVIDIA Certified Server",
					"CPU architecture": "x86, Arm64",
					"os": "Ubuntu 22.04 LTS, RedHat Linux 8.7",
					"components": {
						"containerd": "1.7.3",
						"cri-o": "1.27.1",
						"k8s version": "1.27.4",
						"Calico": "v3.26.1",
						"helm version": "3.12.2",
						"NVIDIA GPU Operator": "23.6.0",
						"NVIDIA Network Operator": "23.5.0",
						"NVIDIA DataCenter Driver": "535.86.10"
					}
				},
				{
					"name": "Jetson Devices(AGX, NX, Orin)",
					"os": "JetPack 5.1, JetPack 5.0",
					"components": {
						"containerd": "1.7.3",
						"cri-o": "1.27.1",
						"k8s version": "1.27.4",
						"Flannel": "0.22.0",
						"helm version": "3.12.2"
					}
				}
			]
		},
		"10.2": {
			"release_date": "17 Aug 2023",
			"platforms": [{
					"name": "NVIDIA Certified Server",
					"CPU architecture": "x86, Arm64",
					"os": "Ubuntu 22.04 LTS, RedHat Linux 8.7",
					"components": {
						"containerd": "1.7.3",
						"cri-o": "1.27.1",
						"k8s version": "1.27.4",
						"Calico": "v3.26.1",
						"helm version": "3.12.2",
						"NVIDIA GPU Operator": "23.6.0",
						"NVIDIA Network Operator": "23.5.0",
						"NVIDIA DataCenter Driver": "535.86.10"
					}
				},
				{
					"name": "Jetson Devices(AGX, NX, Orin)",
					"os": "JetPack 5.1, JetPack 5.0",
					"components": {
						"containerd": "1.7.3",
						"cri-o": "1.27.1",
						"k8s version": "1.27.4",
						"Flannel": "0.22.0",
						"helm version": "3.12.2"
					}
				}
			]
		},
		"10.1": {
			"release_date": "14 July 2023",
			"platforms": [{
					"name": "NVIDIA Certified Server",
					"CPU architecture": "x86, Arm64",
					"os": "Ubuntu 22.04 LTS, RedHat Linux 8.7",
					"components": {
						"containerd": "1.7.2",
						"cri-o": "1.27.0",
						"k8s version": "1.27.2",
						"Calico": "v3.26.1",
						"helm version": "3.12.1",
						"NVIDIA GPU Operator": "23.3.2",
						"NVIDIA Network Operator": "23.5.0",
						"NVIDIA DataCenter Driver": "535.54.03"
					}
				},
				{
					"name": "Jetson Devices(AGX, NX, Orin)",
					"os": "JetPack 5.1, JetPack 5.0",
					"components": {
						"containerd": "1.7.2",
						"cri-o": "1.27.0",
						"k8s version": "1.27.2",
						"Flannel": "0.22.0",
						"helm version": "3.12.1"
					}
				}
			]
		},
		"10.0": {
			"release_date": "30 May 2023",
			"platforms": [{
					"name": "NVIDIA Certified Server",
					"CPU architecture": "x86, Arm64",
					"os": "Ubuntu 22.04 LTS, RedHat Linux 8.7",
					"components": {
						"containerd": "1.7.0",
						"cri-o": "1.27.0",
						"k8s version": "1.27.0",
						"Calico": "v3.25.1",
						"helm version": "3.11.2",
						"NVIDIA GPU Operator": "23.3.1",
						"NVIDIA Network Operator": "23.1.0",
						"NVIDIA DataCenter Driver": "525.105.17"
					}
				},
				{
					"name": "Jetson Devices(AGX, NX, Orin)",
					"os": "JetPack 5.1, JetPack 5.0",
					"components": {
						"containerd": "1.7.2",
						"cri-o": "1.27.0",
						"k8s version": "1.27.0",
						"Flannel": "0.21.0",
						"helm version": "3.11.2"
					}
				}
			]
		},
		"9.4": {
			"release_date": "09 Nov 2023",
			"platforms": [{
					"name": "NVIDIA Certified Server",
					"CPU architecture": "x86, Arm64",
					"os": "Ubuntu 22.04 LTS",
					"components": {
						"containerd": "1.7.7",
						"cri-o": "1.26.4",
						"k8s version": "1.26.9",
						"Calico": "v3.26.3",
						"helm version": "3.13.1",
						"NVIDIA GPU Operator": "23.9.0",
						"NVIDIA Network Operator": "23.7.0",
						"NVIDIA DataCenter Driver": "535.129.03"
					}
				},
				{
					"name": "Jetson Devices(AGX, NX, Orin)",
					"os": "JetPack 5.1, JetPack 5.0",
					"components": {
						"containerd": "1.7.7",
						"cri-o": "1.26.4",
						"k8s version": "1.26.9",
						"Flannel": "0.22.3",
						"helm version": "3.13.1"
					}
				}
			]
		},
		"9.3": {
			"release_date": "17 Aug 2023",
			"platforms": [{
					"name": "NVIDIA Certified Server",
					"CPU architecture": "x86, Arm64",
					"os": "Ubuntu 22.04 LTS",
					"components": {
						"containerd": "1.7.2",
						"cri-o": "1.26.4",
						"k8s version": "1.26.7",
						"Calico": "v3.26.1",
						"helm version": "3.12.2",
						"NVIDIA GPU Operator": "23.6.0",
						"NVIDIA Network Operator": "23.5.0",
						"NVIDIA DataCenter Driver": "535.86.10"
					}
				},
				{
					"name": "Jetson Devices(AGX, NX, Orin)",
					"os": "JetPack 5.1, JetPack 5.0",
					"components": {
						"containerd": "1.7.3",
						"cri-o": "1.26.4",
						"k8s version": "1.26.7",
						"Flannel": "0.22.0",
						"helm version": "3.12.2"
					}
				}
			]
		},
		"9.2": {
			"release_date": "14 July 2023",
			"platforms": [{
					"name": "NVIDIA Certified Server",
					"CPU architecture": "x86, Arm64",
					"os": "Ubuntu 22.04 LTS",
					"components": {
						"containerd": "1.7.2",
						"cri-o": "1.26.3",
						"k8s version": "1.26.5",
						"Calico": "v3.25.1",
						"helm version": "3.12.1",
						"NVIDIA GPU Operator": "23.3.2",
						"NVIDIA Network Operator": "23.5.0",
						"NVIDIA DataCenter Driver": "535.54.03"
					}
				},
				{
					"name": "Jetson Devices(AGX, NX, Orin)",
					"os": "JetPack 5.1, JetPack 5.0",
					"components": {
						"containerd": "1.7.2",
						"cri-o": "1.26.3",
						"k8s version": "1.26.5",
						"Flannel": "0.22.0",
						"helm version": "3.12.1"
					}
				}
			]
		},
		"9.1": {
			"release_date": "30 May 2023",
			"platforms": [{
					"name": "NVIDIA Certified Server",
					"CPU architecture": "x86, Arm64",
					"os": "Ubuntu 22.04 LTS",
					"components": {
						"containerd": "1.7.0",
						"cri-o": "1.26.3",
						"k8s version": "1.26.3",
						"Calico": "v3.25.1",
						"helm version": "3.11.2",
						"NVIDIA GPU Operator": "23.3.2",
						"NVIDIA Network Operator": "23.4.0",
						"NVIDIA DataCenter Driver": "525.105.17"
					}
				},
				{
					"name": "Jetson Devices(AGX, NX, Orin)",
					"os": "JetPack 5.1, JetPack 5.0",
					"components": {
						"containerd": "1.7.0",
						"cri-o": "1.26.3",
						"k8s version": "1.26.3",
						"Flannel": "0.21.4",
						"helm version": "3.11.2"
					}
				}
			]
		},
		"9.0": {
			"release_date": "28 Feb 2023",
			"platforms": [{
					"name": "NVIDIA Certified Server",
					"CPU architecture": "x86, Arm64",
					"os": "Ubuntu 22.04 LTS",
					"components": {
						"containerd": "1.6.16",
						"cri-o": "1.26.1",
						"k8s version": "1.26.1",
						"Calico": "v3.25.0",
						"helm version": "3.11.0",
						"NVIDIA GPU Operator": "22.9.2",
						"NVIDIA Network Operator": "1.4.0",
						"NVIDIA DataCenter Driver": "525.85.12"
					}
				},
				{
					"name": "Jetson Devices(AGX, NX, Orin)",
					"os": "JetPack 5.1, JetPack 5.0",
					"components": {
						"containerd": "1.6.16",
						"cri-o": "1.26.1",
						"k8s version": "1.26.1",
						"Flannel": "0.20.0",
						"helm version": "3.11.0"
					}
				}
			]
		},
		"8.5": {
			"release_date": "17 Aug 2023",
			"platforms": [{
					"name": "NVIDIA Certified Server",
					"CPU architecture": "x86, Arm64",
					"os": "Ubuntu 22.04 LTS",
					"components": {
						"containerd": "1.7.3",
						"cri-o": "1.25.3",
						"k8s version": "1.25.12",
						"Calico": "v3.26.1",
						"helm version": "3.12.2",
						"NVIDIA GPU Operator": "23.6.0",
						"NVIDIA Network Operator": "23.5.0",
						"NVIDIA DataCenter Driver": "535.86.10"
					}
				},
				{
					"name": "Jetson Devices(AGX, NX, Orin)",
					"os": "JetPack 5.1, JetPack 5.0",
					"components": {
						"containerd": "1.7.3",
						"cri-o": "1.25.3",
						"k8s version": "1.25.12",
						"Flannel": "0.22.0",
						"helm version": "3.12.2"
					}
				}
			]
		},
		"8.4": {
			"release_date": "14 July 2023",
			"platforms": [{
					"name": "NVIDIA Certified Server",
					"CPU architecture": "x86, Arm64",
					"os": "Ubuntu 22.04 LTS",
					"components": {
						"containerd": "1.7.2",
						"cri-o": "1.25.3",
						"k8s version": "1.25.10",
						"Calico": "v3.25.1",
						"helm version": "3.12.1",
						"NVIDIA GPU Operator": "23.3.2",
						"NVIDIA Network Operator": "23.5.0",
						"NVIDIA DataCenter Driver": "535.54.03"
					}
				},
				{
					"name": "Jetson Devices(AGX, NX, Orin)",
					"os": "JetPack 5.1, JetPack 5.0",
					"components": {
						"containerd": "1.7.2",
						"cri-o": "1.25.3",
						"k8s version": "1.25.10",
						"Flannel": "0.22.0",
						"helm version": "3.12.1"
					}
				}
			]
		},
		"8.3": {
			"release_date": "30 May 2023",
			"platforms": [{
					"name": "NVIDIA Certified Server",
					"CPU architecture": "x86, Arm64",
					"os": "Ubuntu 22.04 LTS",
					"components": {
						"containerd": "1.7.0",
						"cri-o": "1.25.3",
						"k8s version": "1.25.8",
						"Calico": "v3.25.1",
						"helm version": "3.11.2",
						"NVIDIA GPU Operator": "23.3.2",
						"NVIDIA Network Operator": "23.4.0",
						"NVIDIA DataCenter Driver": "525.105.17"
					}
				},
				{
					"name": "Jetson Devices(AGX, NX, Orin)",
					"os": "JetPack 5.1, JetPack 5.0",
					"components": {
						"containerd": "1.7.0",
						"cri-o": "1.25.3",
						"k8s version": "1.25.8",
						"Flannel": "0.21.4",
						"helm version": "3.11.2"
					}
				}
			]
		},
		"8.2": {
			"release_date": "28 Feb 2023",
			"platforms": [{
					"name": "NVIDIA Certified Server",
					"CPU architecture": "x86, Arm64",
					"os": "Ubuntu 22.04 LTS",
					"components": {
						"containerd": "1.6.16",
						"cri-o": "1.25.2",
						"k8s version": "1.25.6",
						"Calico": "v3.25.0",
						"helm version": "3.11.0",
						"NVIDIA GPU Operator": "22.9.2",
						"NVIDIA Network Operator": "1.4.0",
						"NVIDIA DataCenter Driver": "525.85.12"
					}
				},
				{
					"name": "Jetson Devices(AGX, NX, Orin)",
					"os": "JetPack 5.1, JetPack 5.0",
					"components": {
						"containerd": "1.6.16",
						"cri-o": "1.25.2",
						"k8s version": "1.25.6",
						"Flannel": "0.20.0",
						"helm version": "3.11.0"
					}
				}
			]
		},
		"8.1": {
			"release_date": "15 Dec 2022",
			"platforms": [{
					"name": "NVIDIA Certified Server",
					"CPU architecture": "x86, Arm64",
					"os": "Ubuntu 22.04 LTS",
					"components": {
						"containerd": "1.6.10",
						"cri-o": "N/A",
						"k8s version": "1.25.4",
						"Calico": "v3.24.5",
						"helm version": "3.10.2",
						"NVIDIA GPU Operator": "22.9.1",
						"NVIDIA Network Operator": "1.4.0",
						"NVIDIA DataCenter Driver": "525.60.13"
					}
				},
				{
					"name": "Jetson Devices(AGX, NX, Orin)",
					"os": "JetPack 5.0, JetPack 4.6.1",
					"components": {
						"containerd": "1.6.10",
						"cri-o": "N/A",
						"k8s version": "1.25.4",
						"Flannel": "0.20.0",
						"helm version": "3.10.2"
					}
				}
			]
		},
		"8.0": {
			"release_date": "14 Oct 2022",
			"platforms": [{
					"name": "NVIDIA Certified Server",
					"CPU architecture": "x86, Arm64",
					"os": "Ubuntu 22.04 LTS",
					"components": {
						"containerd": "1.6.8",
						"cri-o": "N/A",
						"k8s version": "1.25.2",
						"Calico": "v3.24.1",
						"helm version": "3.10.0",
						"NVIDIA GPU Operator": "22.9.0",
						"NVIDIA Network Operator": "1.3.0",
						"NVIDIA DataCenter Driver": "520.61.07"
					}
				},
				{
					"name": "Jetson Devices(AGX, NX)",
					"os": "JetPack 5.0, JetPack 4.6.1",
					"components": {
						"containerd": "1.6.8",
						"cri-o": "N/A",
						"k8s version": "1.25.2",
						"Flannel": "0.19.2",
						"helm version": "3.10.0"
					}
				}
			]
		},
		"7.3": {
			"release_date": "28 Feb 2023",
			"platforms": [{
					"name": "NVIDIA Certified Server",
					"CPU architecture": "x86, Arm64",
					"os": "Ubuntu 22.04 LTS",
					"components": {
						"containerd": "1.6.16",
						"cri-o": "1.24.4",
						"k8s version": "1.24.10",
						"Calico": "v3.25.0",
						"helm version": "3.11.0",
						"NVIDIA GPU Operator": "22.9.2",
						"NVIDIA Network Operator": "1.4.0",
						"NVIDIA DataCenter Driver": "525.85.12"
					}
				},
				{
					"name": "Jetson Devices(AGX, NX, Orin)",
					"os": "JetPack 5.1 and JetPack 5.0",
					"components": {
						"containerd": "1.6.16",
						"cri-o": "1.24.4",
						"k8s version": "1.24.10",
						"Flannel": "0.20.0",
						"helm version": "3.11.0"
					}
				}
			]
		},
		"7.2": {
			"release_date": "15 Dec 2022",
			"platforms": [{
					"name": "NVIDIA Certified Server",
					"CPU architecture": "x86, Arm64",
					"os": "Ubuntu 22.04 LTS",
					"components": {
						"containerd": "1.6.10",
						"cri-o": "N/A",
						"k8s version": "1.24.8",
						"Calico": "v3.24.5",
						"helm version": "3.10.2",
						"NVIDIA GPU Operator": "22.9.1",
						"NVIDIA Network Operator": "1.4.0",
						"NVIDIA DataCenter Driver": "525.60.13"
					}
				},
				{
					"name": "Jetson Devices(AGX, NX, Orin)",
					"os": "JetPack 5.0, JetPack 4.6.1",
					"components": {
						"containerd": "1.6.10",
						"cri-o": "N/A",
						"k8s version": "1.24.8",
						"Flannel": "0.19.2",
						"helm version": "3.10.2"
					}
				}
			]
		},
		"7.1": {
			"release_date": "14 Oct 2022",
			"platforms": [{
					"name": "NVIDIA Certified Server",
					"CPU architecture": "x86, Arm64",
					"os": "Ubuntu 22.04 LTS",
					"components": {
						"containerd": "1.6.8",
						"cri-o": "N/A",
						"k8s version": "1.24.6",
						"Calico": "v3.24.1",
						"helm version": "3.10.0",
						"NVIDIA GPU Operator": "22.9.0",
						"NVIDIA Network Operator": "1.3.0",
						"NVIDIA DataCenter Driver": "520.61.07"
					}
				},
				{
					"name": "Jetson Devices(AGX, NX, Orin)",
					"os": "JetPack 5.0, JetPack 4.6.1",
					"components": {
						"containerd": "1.6.8",
						"cri-o": "N/A",
						"k8s version": "1.24.6",
						"Flannel": "0.19.2",
						"helm version": "3.10.0"
					}
				}
			]
		},
		"7.0": {
			"release_date": "11 Jul 2022",
			"platforms": [{
					"name": "NVIDIA Certified Server",
					"CPU architecture": "x86, Arm64",
					"os": "Ubuntu 22.04 LTS",
					"components": {
						"containerd": "1.6.6",
						"cri-o": "N/A",
						"k8s version": "1.24.2",
						"Calico": "v3.23",
						"helm version": "3.9.0",
						"NVIDIA GPU Operator": "1.11.0",
						"NVIDIA Network Operator": "1.2.0",
						"NVIDIA DataCenter Driver": "515.48.07"
					}
				},
				{
					"name": "Jetson Devices(AGX, NX)",
					"os": "JetPack 5.0, JetPack 4.6.1",
					"components": {
						"containerd": "1.6.8",
						"cri-o": "N/A",
						"k8s version": "1.25.2",
						"Flannel": "0.19.2",
						"helm version": "3.10.0"
					}
				}
			]
		},
		"6.4": {
			"release_date": "15 Dec 2022",
			"platforms": [{
					"name": "NVIDIA Certified Server",
					"CPU architecture": "x86, Arm64",
					"os": "Ubuntu 22.04 LTS",
					"components": {
						"containerd": "1.6.10",
						"cri-o": "N/A",
						"k8s version": "1.23.12",
						"Calico": "v3.24.1",
						"helm version": "3.10.2",
						"NVIDIA GPU Operator": "22.9.1",
						"NVIDIA Network Operator": "1.4.0",
						"NVIDIA DataCenter Driver": "525.60.13"
					}
				},
				{
					"name": "Jetson Devices(AGX, NX, Orin)",
					"os": "JetPack 5.0,JetPack 4.6.1",
					"components": {
						"containerd": "1.6.10",
						"cri-o": "N/A",
						"k8s version": "1.23.12",
						"Flannel": "0.19.2",
						"helm version": "3.10.2"
					}
				}
			]
		}
	}]
}